company,state,ticker,exchange,profit,debt,assets,ipo_date,ipo_fees,ipo_price,ipo_amount,industry
Microsoft Corp,Washington,MSFT,Nasdaq,46.3,1.9,65.1,3/02/1986,7.071,21,58.695,IT
Watson Pharmaceuticals Inc,New Jersey,WPI,Nasdaq,8.1,2.1,31.3,6/03/1992,9.25,12,43.2,Chemical
Citrix Systems Inc,Florida,CTXS,Nasdaq,0.3,0.1,3.9,24/10/1995,9.551,15,37.5,IT
Pharmaceutical Product Development Inc,North Carolina,PPDI,Nasdaq,0,1.4,27.5,3/11/1995,9.507,18,36,Agriculture
Conceptus Inc,California,CPTS,Nasdaq,-5.6,0,6.1,30/11/1995,8.656,14,42,Health
FBL Financial Group Inc,Iowa,FFG,New York,0,24.6,3090.9,2/05/1996,7.932,17.5,70,Finance
Kilroy Realty Corp,California,KRC,New York,27.9,270.4,128.3,5/11/1996,7.591,23,287.5,Finance
Golf Trust of America Inc,South Carolina,GTA,American,11.5,4.3,86.7,12/11/1996,11.205,21,71.4,Finance
CIENA Corp,Maryland,CIEN,Nasdaq,18.3,0,67.4,12/12/1996,7.854,23,112.166078,IT
Radiant Systems Inc,Georgia,RADS,Nasdaq,-1.2,4.1,14.6,12/12/1996,8.578,9.5,27.55,IT
Oyo Geospace Corp,Texas,OYOG,Nasdaq,12.7,1,35.1,30/09/1997,8.553,14,28,Machinery
Tier Technologies Inc,Virginia,TIER,Nasdaq,1.7,0.2,13.1,10/10/1997,11.229,8.5,28.9,IT
Tag-It Pacific Inc,California,TAG,American,1.1,0,5.4,21/10/1997,21.688,4,6.72,Machinery
VeriSign Inc,Virginia,VRSN,Nasdaq,-18.1,0,25.1,21/11/1997,9.07,14,42,IT
Midwest Banc Holdings Inc,Illinois,MBHI,Nasdaq,18.4,67.2,906.8,19/12/1997,9.108,15,16.5,Finance
SurModics Inc,Minnesota,SRDX,Nasdaq,0,0,6.5,24/12/1997,9.529,7.5,15,Health
Ladish Co Inc,Wisconsin,LDSH,Nasdaq,33.8,3,165.5,23/12/1997,7.105,13.5,86.2036965,Metal
Columbia Sportswear Co,Oregon,COLM,Nasdaq,51.8,2.8,174.5,24/12/1997,7.509,18,100.8,Clothes
Omega Protein Corp,Texas,OME,New York,0,11.4,136.3,27/01/1998,7.07,16,136,Agriculture
American Dental Partners Inc,Massachusetts,ADPI,Nasdaq,0,8,58.4,12/11/1997,10.919,15,33.21,Health
Broadcom Corp,California,BRCM,Nasdaq,0,0,73.1,5/02/1998,8.369,24,84,Machinery
LaSalle Hotel Properties,Maryland,LHO,New York,17,206.4,217.9,5/02/1998,8.402,18,255.6,Finance
Sauer Inc,Iowa,SHS,New York,0,67.9,412.5,20/03/1998,8.314,18,76.5,Machinery
Hawk Corp,Ohio,HWK,New York,0,100.1,180.8,19/11/1997,8.145,17,87.295,Machinery
Federated Investors Inc,Pennsylvania,FII,New York,0,332.9,388.9,20/03/1998,6.329,19,333.587294,Finance
L-3 Communications Holdings Inc,New York,LLL,New York,90.8,405,679.2,27/02/1998,8.028,22,132,Machinery
MicroStrategy Inc,Virginia,MSTR,Nasdaq,0,0,30.6,10/04/1998,8.63,12,48,IT
Global Imaging Systems Inc,Florida,GISX,Nasdaq,22.3,65.8,164,,9.646,12,72,Furniture
King Pharmaceuticals Inc,Tennessee,KG,Nasdaq,0,177.7,269.4,24/10/1997,9.213,14,87.5,Chemical
Republic Services Inc,Florida,RSG,New York,0,102.2,1582,13/05/1998,5.494,24,1320,Oil
USEC Inc,Maryland,USU,New York,162.4,334.5,2338.2,29/06/1998,3.342,14.25,1425,Chemical
Enterprise Products Partners LP,Texas,EPD,New York,0,75,714.6,13/05/1998,7.197,22,264,Oil
"Prosperity Bancshares Inc, Houston,Texas",Texas,PRSP,Nasdaq,0,0,336.4,11/09/1998,8.477,12,20.601396,Finance
Plains All American Pipeline LP,Texas,PAA,New York,9.1,175,149.6,23/09/1998,7.646,20,261.7,Oil
Internet America Inc,Texas,GEEK,Nasdaq,0,0,3,,8.309,13,29.9,IT
Concur Technologies Inc,Washington,CNQR,Nasdaq,-17,7,25,26/08/1998,9.02,12.5,38.75,IT
MetroCorp Bancshares Inc,Texas,MCBI,Nasdaq,7.7,25,503.4,,9.821,11,14.85,Finance
Bottomline Technologies Inc,New Hampshire,EPAY,Nasdaq,3.7,0,11.3,13/11/1998,9.77,13,44.2,IT
Trex Co Inc,Virginia,TWP,New York,0,4.5,60.8,11/09/1998,9.756,10,41.03,Chemical
Immtech International Inc,Illinois,IMM,Nasdaq,-3.1,0,0.6,28/09/1998,15.407,10,10,Chemical
Wesco International Inc,Pennsylvania,WCC,New York,61.4,476.5,994.9,3/03/1999,5.475,18,175.05,Energy
F5 Networks Inc,Washington,FFIV,Nasdaq,-3.3,0,9.4,7/04/1999,9.464,10,30,IT
SBA Communications Corp,Florida,SBAC,Nasdaq,-3.7,210.7,231.8,19/04/1999,8.112,9,79.415001,Communications
United Therapeutics Corp,Maryland,UTHR,Nasdaq,0,0.7,17.8,16/04/1999,8.852,12,54,Chemical
Team Financial Inc,Kansas,TFIN,Nasdaq,0,19,434.7,13/04/1999,10.111,11.25,11.25,Finance
Implant Sciences Corp,Massachusetts,IMX,American,0,0.6,3,29/09/1998,3.942,7.5,7.5,Machinery
Financial Institutions Inc,New York,FISI,Nasdaq,0,13.4,990.5,23/04/1999,9.329,14,18.666662,Finance
PrivateBancorp Inc,Illinois,PVTB,Nasdaq,0,0,439.1,27/04/1999,11.026,18,16.2,Finance
Packeteer Inc,California,PKTR,Nasdaq,0,0,12.2,21/05/1999,8.522,15,60,IT
Fairchild Semiconductor International Inc,Maine,FCS,New York,0,717.2,598.2,14/05/1999,6.658,18.5,370,Machinery
Alliance Resource Partners LP,Oklahoma,ARLP,Nasdaq,0,230,261.7,20/05/1999,8.576,19,147.25,Mining
QuickLogic Corp,California,QUIK,Nasdaq,0,0.1,19.3,9/06/1997,8.304,10,66.67,Machinery
Collectors Universe Inc,California,CLCT,Nasdaq,0,0,15.7,2/09/1999,9.916,6,24,Consulting
SonicWALL Inc,California,SNWL,Nasdaq,0,0,15.4,27/08/1999,8.9,14,56,IT
Tier Technologies Inc,Virginia,TIER,Nasdaq,6,1.7,85.7,17/09/1999,9.435,15,75,IT
NATCO Group Inc,Texas,NTG,New York,11.2,2.3,106.2,30/03/1998,7.928,10,75,Oil
Selectica Inc,California,SLTCD,Nasdaq,0,0,27.1,10/12/1999,8.087,30,120,IT
Allos Therapeutics Inc,Colorado,,Nasdaq,0,0.1,93,26/01/2000,8.111,18,90,Chemical
GoAmerica Inc,New Jersey,GOAM,Nasdaq,0,0,28.8,18/01/2000,7.875,16,160,Communications
Pixelworks Inc,California,PXLW,Nasdaq,0,0,44.6,25/02/2000,8.089,10,57.5,Machinery
Community Health Systems Inc,Tennessee,CYH,New York,0,1296.4,1937.7,6/03/2000,0.379,13,243.75,Health
"Pacific Mercantile Bancorp, Costa Mesa,California",California,PMBC,Nasdaq,0,0,119.2,28/03/2000,10.781,8,20,Finance
Dendreon Corp,Washington,DNDN,Nasdaq,0,2.3,19,8/03/2000,10.333,10,45,Chemical
Charles River Laboratories International Inc,Massachusetts,CRL,New York,0,393.4,301,25/04/2000,7.582,16,224,Chemical
Arena Pharmaceuticals Inc,California,ARNA,Nasdaq,0,1.1,36,28/04/2000,7.966,18,108,Chemical
Lantronix Inc,California,LTRX,Nasdaq,0,0.1,20.4,19/05/2000,9.905,10,60,Energy
TeleCommunication Systems Inc,Maryland,TSYS,Nasdaq,0,1.3,91.2,25/04/2000,8.415,17,79.9,IT
AtheroGenics Inc,Georgia,AGIX,Nasdaq,0,0.1,12.2,25/02/2000,9.536,8,48,Chemical
American Medical Systems Holdings Inc,Minnesota,AMMD,Nasdaq,0,40,176.9,19/05/2000,8.265,11,68.75,Health
Dyax Corp,Massachusetts,DYAX,Nasdaq,0,1.7,30.5,19/05/2000,8.598,15,58.779135,Chemical
PECO II Inc,Ohio,PIII,Nasdaq,0,5,78,22/05/2000,8.391,15,75,Machinery
EDEN Bioscience Corp,Washington,EDEN,Nasdaq,0,0.3,11.7,7/07/2000,7.275,15,87,Chemical
DURECT Corp,California,DRRX,Nasdaq,0,0.9,45.3,20/04/2000,8.299,12,84,Chemical
Hydril Co LP,Texas,HYDL,Nasdaq,0,61.5,205.1,9/06/2000,7.958,17,127.5,Oil
Evergreen Solar Inc,Massachusetts,ESLR,Nasdaq,0,0,56.9,4/08/2000,9.5,14,42,Machinery
Adolor Corp,Pennsylvania,ADLR,Nasdaq,-10.4,0.2,90.3,8/02/2000,8.766,15,90,Agriculture
Beacon Power Corp,Massachusetts,BCON,Nasdaq,0,0.1,24.2,9/08/2000,9.13,6,48,Engineering
Peet's Coffee & Tea Inc,California,PEET,Nasdaq,4.2,1.4,47.4,13/10/2000,12.939,8,26.4,Food
Investors Capital Holdings Ltd,Massachusetts,ICH,American,0,0,5.1,14/08/2000,20,8,8,Finance
Seattle Genetics Inc,Washington,SGEN,Nasdaq,-7.7,0,76.7,20/11/2000,9.653,7,49,Agriculture
Encore Acquisition Co,Texas,EAC,New York,45.3,52.1,343.8,6/10/2000,8.379,14,100.1,Oil
Alliance Data Systems Corp,Texas,ADS,New York,0,204.5,1304.8,13/01/2000,8.717,12,156,Consulting
The Princeton Review Inc,Massachusetts,REVU,Nasdaq,0,5.6,61.6,15/08/2000,11.882,11,59.4,Services
Natus Medical Inc,California,BABY,Nasdaq,0,0,12.3,18/08/2000,10.545,11,55,Energy
MedCath Corp,North Carolina,MDTH,Nasdaq,0,210.7,453.8,4/05/2001,7.109,25,150,Health
Inergy LP,Missouri,NRGY,Nasdaq,0,43.7,146.8,14/03/2001,13.423,22,35.2,Retail
Omnicell Inc,California,OMCL,Nasdaq,0,0,52,14/03/2001,10.313,7,42,IT
Penn Virginia Resource Partners LP,Pennsylvania,PVR,New York,0,43.4,188.7,19/07/2001,9.231,21,136.5,Mining
Northwest Biotherapeutics Inc,Maryland,NWBO,Nasdaq,0,0.1,9.3,13/08/2001,13.5,5,20,Agriculture
Synaptics Inc,California,SYNA,Nasdaq,0,1.9,33.1,22/02/2001,9.53,11,55,IT
ZymoGenetics Inc,Washington,ZGEN,Nasdaq,-31.6,0,326.1,10/09/2001,9.135,12,107.28,Agriculture
Sunoco Logistics Partners LP,Pennsylvania,SXL,New York,78.7,252.3,949.4,19/10/2001,11.813,20.25,101.25,Oil
ManTech International Corp,Virginia,MANT,Nasdaq,36.1,26.1,238.1,23/11/2001,8.649,16,115.2,IT
Asbury Automotive Group Inc,Georgia,ABG,New York,158.3,429.7,1461,27/07/2001,10.179,16.5,127.05,Services
Regal Entertainment Group,Tennessee,RGC,New York,0,710.8,2239.9,11/03/2002,7.615,19,342,Media
Kirkland's Inc,Tennessee,KIRK,Nasdaq,0,12.2,90.3,23/04/2002,8.467,15,90,Retail
Dick's Sporting Goods Inc,Pennsylvania,DKS,New York,69.4,102,377.8,17/07/2002,7.002,12,87.47178,Retail
Wynn Resorts Ltd,Nevada,WYNN,Nasdaq,0,382.2,578.8,17/06/2002,4.377,13,449.995,Services
Portfolio Recovery Associates Inc,Virginia,PRAA,Nasdaq,0,0.9,65.5,6/09/2002,8.183,13,50.7,Finance
Crosstex Energy LP,Texas,XTEX,Nasdaq,4.4,47.5,168.4,7/08/2002,12.435,20,40,Oil
Maguire Properties Inc,California,MPG,New York,0,1031.4,675.9,12/11/2002,8.76,19,693.69,Finance
Molina Healthcare Inc,California,MOH,New York,0,0,244.1,30/12/2002,9.033,17.5,115.5,Health
Texas Capital Bancshares Inc,Texas,TCBI,Nasdaq,8.8,20,2003.2,9/08/2002,7.642,11,66,Finance
Ashford Hospitality Trust Inc,Texas,AHT,New York,0,16.5,92.7,15/05/2003,8.358,9,202.5,Finance
National Financial Partners Corp,New York,NFP,New York,51.7,0,595.4,9/05/2003,8.4,23,208.540494,Finance
SigmaTel Inc,Texas,SGTL,Nasdaq,0,0.1,29.1,3/07/2003,8.007,15,150,Machinery
AMIS Holdings Inc,Idaho,AMIS,Nasdaq,0,253.8,475.6,15/08/2003,6.333,20,600,Machinery
Journal Communications Inc,Wisconsin,JRN,New York,150,0,742.9,14/05/2003,8.075,15,258.75,Media
RedEnvelope Inc,California,REDE,Nasdaq,-4.5,0,48.8,13/06/2003,9.896,14,30.8,Retail
LKQ Corp,Illinois,LKQ,Nasdaq,0,2.4,174.7,28/07/2003,8.66,13,91,Machinery
First Potomac Realty Trust,Maryland,FPO,New York,0,126.5,126,18/07/2003,8.778,15,112.5,Finance
Quality Distribution Inc,Florida,QLTY,Nasdaq,63.5,272.8,379.1,29/08/2003,8.643,17,119,Transport
Tessera Technologies Inc,California,TSRA,Nasdaq,0,0,31.6,4/09/2003,9.051,13,97.5,Machinery
Whiting Petroleum Corp,Colorado,WLL,New York,0,188,502.5,25/07/2003,7.383,15.5,232.5,Oil
Buffalo Wild Wings Inc,Minnesota,BWLD,Nasdaq,13.4,0,54.3,11/09/2003,8.765,17,51,Restaurant
American Equity Investment Life Holding Co,Iowa,AEL,New York,0,148.3,6580.3,15/09/2003,7.902,9,168.3,Finance
Knology Inc,Georgia,KNOL,Nasdaq,121.8,270.3,417.6,1/10/2003,10.575,9,54,IT
Crosstex Energy Inc,Texas,XTXI,Nasdaq,45.4,62.7,375.8,30/10/2003,9.362,19.5,44.967,Oil
The Bank Holdings,Nevada,TBHS,Nasdaq,0,0,166.1,17/12/2003,9.256,11,14.85,Finance
Dynavax Technologies Corp,California,DVAX,Nasdaq,0,0,91.5,24/10/2003,9.979,7.5,45,Chemical
TNS Inc,Virginia,TNS,New York,57,67,342.9,3/11/2003,10.017,18,79.56,Consulting
Hornbeck Offshore Services Inc,Louisiana,HOS,New York,54.2,172.8,365.2,19/09/2003,8.381,13,78,Transport
Memory Pharmaceuticals Corp,New Jersey,MEMY,Nasdaq,-26.3,2.4,37.7,23/12/2003,11.969,7,35,Agriculture
Corcept Therapeutics Inc,California,CORT,Nasdaq,-9.5,0,10.5,10/02/2004,9.037,12,54,Chemical
ProCentury Corp,Ohio,PROS,Nasdaq,0,25,347.1,18/12/2003,8.07,10.5,93.45,Finance
SiRF Technology Holdings Inc,California,SIRF,Nasdaq,0,2.4,93.5,10/02/2004,8.449,12,132,Machinery
Greenhill & Co Inc,New York,GHL,New York,86.9,0,39.3,11/03/2004,11.472,17.5,87.5,Finance
NuVasive Inc,California,NUVA,Nasdaq,0,0,20.8,5/03/2004,9.245,11,71.5,Health
Blue Nile Inc,Washington,NILE,Nasdaq,0,0,38.6,11/03/2004,9.268,20.5,76.67,IT
Acadia Pharmaceuticals Inc,California,ACAD,Nasdaq,-15.2,0.9,27.4,27/02/2004,10.714,7,35,Chemical
Republic Airways Holdings Inc,Indiana,RJET,Nasdaq,0,482.4,678.4,11/03/2002,10.344,13,65,Transport
Alnylam Pharmaceuticals Inc,Massachusetts,ALNY,Nasdaq,0,5.7,39.3,27/02/2004,12.507,6,30,Agriculture
CB Richard Ellis Group Inc,California,CBG,New York,121.9,752.4,1893.9,17/02/2004,6.5,19,456,Finance
Jackson Hewitt Tax Service Inc,New Jersey,JTX,New York,72.4,175,582,15/03/2004,6.284,17,637.5,Finance
Senomyx Inc,California,SNMX,Nasdaq,-17.2,0,18.7,29/03/2004,10.669,6,36,Chemical
Color Kinetics Inc,Massachusetts,CLRK,Nasdaq,0.1,0,67,9/04/2004,11.313,10,40,Machinery
Salesforce.com Inc,California,CRM,New York,0,1,94.7,18/12/2003,10.162,11,110,IT
Holly Energy Partners LP,Texas,HEP,New York,0,25,154.7,15/03/2004,8.533,22.25,135.725,Oil
NetLogic Microsystems Inc,California,NETL,Nasdaq,0,0,39.1,16/04/2004,10.975,12,69.3,Machinery
Idenix Pharmaceuticals Inc,Massachusetts,IDIX,Nasdaq,0,0,76.8,15/12/2003,9.309,14,81.2,Chemical
Bucyrus International Inc,Wisconsin,BUCY,Nasdaq,36.1,98.8,345.5,8/04/2004,8.348,18,193.5,Machinery
Lumera Corp,Washington,LMRA,Nasdaq,0,0,39.8,19/05/2004,8.751,6.95,41.7,Chemical
NeuroMetrix Inc,Massachusetts,NURO,Nasdaq,0,0,18.4,13/05/2004,12.797,8,24,Health
Auxilium Pharmaceuticals Inc,Pennsylvania,AUXL,Nasdaq,0,0.3,35.3,21/04/2004,11.218,7.5,41.25,Chemical
MannKind Corp,California,MNKD,Nasdaq,0,0,112.2,30/04/2004,8.961,14,87.5,Chemical
EnerSys Inc,Pennsylvania,ENS,New York,0,362.6,1129.2,17/05/2004,10.2,12.5,156.25,Energy
Commercial Vehicle Group Inc,Ohio,CVGI,Nasdaq,0,71.3,210.8,21/05/2004,8.246,13,120.25,Machinery
BioMed Realty Trust Inc,California,BMR,New York,0,54.5,53.2,5/05/2004,7.864,15,405,Finance
WPT Enterprises Inc,California,WPTE,Nasdaq,0,0,2.5,15/04/2004,9.582,8,32,Media
Extra Space Storage Inc,Utah,EXR,New York,0,391.6,584.5,12/05/2004,8.041,12.5,252.5,Finance
Cohen & Steers Inc,New York,CNS,New York,0,1.7,44,30/03/2004,11.103,13,97.5,Finance
Google Inc,California,GOOG,Nasdaq,571.4,0.1,1328,29/04/2004,3.055,85,1666.42942,IT
StoneMor Partners LP,Pennsylvania,STON,Nasdaq,0,80,480.7,9/04/2004,17.947,20.5,75.3375,Services
PeopleSupport Inc,California,PSPT,Nasdaq,0,0,33.2,10/05/2004,12.968,7,47.727274,IT
Texas Roadhouse Inc,Kentucky,TXRH,Nasdaq,49.2,13.5,175.5,7/05/2004,7.818,17.5,159.39714,Restaurant
Thomas Properties Group Inc,California,TPGI,Nasdaq,0,295.9,330,16/04/2004,10.325,12,171.428568,Finance
Huron Consulting Group Inc,Illinois,HURN,Nasdaq,0,0,52.9,12/05/2004,11.151,15.5,77.5,Consulting
Sunstone Hotel Investors Inc,California,SHO,New York,96.9,667.5,1359.6,2/07/2004,7.511,17,358.7,Services
U-Store-It Trust,Ohio,YSI,New York,0,378.2,536.4,2/08/2004,7.989,16,400,Finance
Digital Realty Trust Inc,California,DLR,New York,0,503.8,822.2,2/08/2004,10.451,12,240,Finance
US Shipping Partners LP,New Jersey,,New York,0,98.1,253.5,12/08/2004,8.644,22.25,133.5,Transport
MarketAxess Holdings Inc,New York,MKTX,Nasdaq,17.6,0,72.3,11/02/2004,13.482,11,55,Finance
Copano Energy LLC,Texas,CPNO,Nasdaq,0,57,139.9,30/07/2004,7.783,20,100,Oil
Nalco Holding Co,Illinois,NLC,New York,373.3,3424.8,5828.1,26/08/2004,5.891,15,666.66666,Transport
Ormat Technologies Inc,Nevada,ORA,New York,85.2,517.6,774,20/07/2004,9.902,15,93.75,Energy
Specialty Underwriters Alliance Inc,Illinois,SUAI,Nasdaq,0,0,2.9,28/07/2004,8.203,9.5,120.65,Finance
Orange 21 Inc,California,ORNG,Nasdaq,3.5,0.2,26.4,15/09/2004,9.464,8.75,30.45,Retail
Comstock Homebuilding Cos Inc,Virginia,CHCI,Nasdaq,0,45.7,117.8,13/08/2004,10.72,16,63.36,Services
Spirit Finance Corp,Arizona,SFC,New York,0,178.4,527.8,19/10/2004,7.768,11,286.956527,Finance
Arbinet-thexchange Inc,Virginia,ARBX,Nasdaq,13.8,1.7,70.1,9/07/2004,8.521,17.5,114.3695875,IT
Warren Resources Inc,New York,WRES,Nasdaq,-0.6,32.4,154.8,25/08/2004,8.22,7.5,71.25,Oil
Celanese Corp,Texas,CE,New York,412,3300,7368,3/11/2004,5.375,16,800,Chemical
Education Realty Trust Inc,Tennessee,EDR,New York,8.7,288.2,88.9,24/09/2004,7.795,16,304,Finance
W&T Offshore Inc,Texas,WTI,New York,396.4,0,760.8,3/05/2004,7.54,19,240.449997,Oil
Icagen Inc,North Carolina,ICGN,Nasdaq,-15.3,0.7,76.3,8/04/2004,13.483,8,40,Chemical
Threshold Pharmaceuticals Inc,California,THLD,Nasdaq,-23.4,0.3,32.2,9/04/2004,10.272,7,37.333331,Agriculture
Syniverse Holdings Inc,Florida,SVR,New York,118.7,394.3,777.2,12/11/2004,7.101,16,281.92,IT
Odimo Inc,Florida,ODMO,Nasdaq,-9.1,0,57.9,16/07/2004,16.778,9,28.125,IT
Veri-Tek International Corp,Michigan,VCC,American,-3.5,0,9.9,3/09/2004,10.478,6,15,Machinery
BofI Holding Inc,California,BOFI,Nasdaq,0,126.7,512.6,16/12/2004,10.046,11.5,35.100001,Finance
Morningstar Inc,Illinois,MORN,Nasdaq,0,0,190.7,6/05/2004,3.775,18.5,140.83125,Finance
DiamondRock Hospitality Co,Maryland,DRH,New York,0,159.3,431.8,1/03/2005,7.657,10.5,273.9135,Finance
LHC Group Inc,Louisiana,LHCG,Nasdaq,24.4,1.4,56.4,24/11/2004,10.604,14,67.2,Health
Premium Standard Farms Inc,Missouri,PORK,Nasdaq,187.8,137.7,737,11/03/2005,8.068,12.5,123.03075,Machinery
Builders FirstSource Inc,Texas,BLDR,Nasdaq,0,365,709.5,14/02/2005,7.71,16,196,Timber
Lincoln Educational Services Corp,New Jersey,LINC,Nasdaq,0,10.6,153.9,29/03/2005,9.873,20,80,Services
Kenexa Corp,Pennsylvania,KNXA,Nasdaq,6.3,0.2,48.3,12/04/2005,11.167,12,60,IT
Volcom Inc,California,VLCM,Nasdaq,0,0.2,33.3,29/04/2005,8.562,19,89.0625,Clothes
Consolidated Communications Holdings Inc,Illinois,CNSL,Nasdaq,0,560,959.7,8/12/2004,10.5,13,203.666658,IT
ITC Holdings Corp,Michigan,ITC,New York,0,508.5,868.1,29/03/2005,1.865,23,287.5,Energy
Pike Electric Corp,North Carolina,PIKE,New York,64.2,286.1,592.5,18/04/2005,8.955,14,189,Energy
Alon USA Energy Inc,Texas,ALJ,New York,0,128.4,612.9,11/05/2005,8.066,16,163.2,Oil
Superior Well Services Inc,Pennsylvania,SWSI,Nasdaq,0,1.3,75.4,6/05/2005,8.905,13,73.06,Oil
Advanced Analogic Technologies Inc,California,AATI,Nasdaq,5.9,0,48.7,4/04/2005,8.477,10,106,Machinery
MWI Veterinary Supply Inc,Idaho,MWIV,Nasdaq,17.2,0.4,173.4,22/04/2005,9.381,17,73.666678,Health
Eschelon Telecom Inc,Minnesota,ESCH,Nasdaq,26.1,96.4,229.4,6/05/2005,9.933,14,75.000002,IT
AtriCure Inc,Ohio,ATRC,Nasdaq,0,1.2,12.5,20/04/2005,11.982,12,48,Health
Hoku Scientific Inc,Hawaii,HOKU,Nasdaq,0,0,11.4,28/04/2005,14.143,6,21,Energy
Coley Pharmaceutical Group Inc,Massachusetts,COLY,Nasdaq,0,2.8,70.7,20/04/2005,8.527,16,96,Chemical
"First Security Group Inc, Chattanooga,Tennessee",Tennessee,FSGI,Nasdaq,9.6,13.2,831.3,10/06/2005,8.778,10,45,Finance
RBC Bearings Inc,Connecticut,ROLL,Nasdaq,0,168.3,247.1,11/05/2005,7.924,14.5,134.676,Machinery
CF Industries Holdings Inc,Illinois,CF,New York,0,4.2,1453.9,16/05/2005,6.501,16,660,Chemical
Bronco Drilling Co Inc,Oklahoma,BRNC,Nasdaq,13,36.3,118.9,1/06/2005,7.715,17,86.7,Oil
Kona Grill Inc,Arizona,KONA,Nasdaq,1.8,3.5,23.2,3/06/2005,11,11,27.5,Restaurant
Enterprise GP Holdings LP,Texas,EPE,New York,0,4788.8,11722.3,26/04/2005,6.879,28,352.8,Oil
Ikanos Communications Inc,California,IKAN,Nasdaq,-6.5,1.2,110.9,25/06/2004,10.125,12,76.8,IT
Global Cash Access Holdings Inc,Nevada,GCA,New York,99.1,0,248.4,22/03/2005,7.625,14,224.898198,Finance
Sunesis Pharmaceuticals Inc,California,SNSS,Nasdaq,-23,1.4,31.9,23/12/2004,11.167,7,42,Chemical
Global Partners LP,Massachusetts,GLP,New York,0,162.3,377.7,10/05/2005,9.429,22,107.8,Oil
Taleo Corp,California,TLEO,Nasdaq,2.7,17.5,53.1,31/03/2004,10.625,14,93.8,IT
Avalon Pharmaceuticals Inc,Maryland,AVRX,Nasdaq,0,0,24.4,3/05/2005,12.195,10.5,28.875,Agriculture
American Commercial Lines LLC,Indiana,ACLI,Nasdaq,0,200.1,656.9,19/07/2005,8.446,21,173.25,Transport
TAL International Group Inc,New York,TAL,New York,0,820.2,1353.8,30/06/2005,8.468,18,207,Machinery
PokerTek Inc,North Carolina,PTEK,Nasdaq,0,0,2.3,4/08/2005,9.259,11,22,IT
Cogdell Spencer Inc,North Carolina,CSA,New York,0,144.9,177.6,10/08/2005,9.915,17,98.6,Finance
Hercules Offshore Inc,Texas,HERO,Nasdaq,0,93.3,266.1,8/07/2005,7.567,20,184,Oil
Boardwalk Pipeline Partners LP,Texas,BWP,New York,236.9,1101.3,2438.4,16/08/2005,6.821,19.5,292.5,Oil
iROBOT Corp,Massachusetts,,Nasdaq,1.8,0,119.4,27/07/2005,8.685,24,103.2,Machinery
IHS Inc,Colorado,IHS,New York,79.3,0,743,4/02/2005,8.809,16,232.24,IT
Dover Saddlery Inc,Massachusetts,DOVR,Nasdaq,0,8.3,30.7,26/08/2005,10.091,10,27.5,Transport
Under Armour Inc,Maryland,UA,Nasdaq,38.1,4.6,144.8,26/08/2005,8.269,13,157.612,Clothes
Brookdale Senior Living Inc,Tennessee,BKD,New York,0,754.2,1471.9,9/08/2005,9.316,19,210.368,Health
Basic Energy Services Inc,Texas,BAS,New York,0,119.2,426.6,12/08/2005,7.091,20,250,Oil
DealerTrack Holdings Inc,New York,TRAK,Nasdaq,0,0.4,138,27/07/2005,7.921,17,170,IT
BCB Bancorp Inc,New Jersey,BCBP,Nasdaq,7.8,54.1,398.1,9/09/2005,9.401,15.25,16.775,Finance
Somaxon Pharmaceuticals Inc,California,SOMX,Nasdaq,-13.6,0,108.4,7/10/2005,10.455,11,55,Chemical
Emergency Medical Services Corp,Ohio,EMS,New York,121.8,495.5,996.9,2/08/2005,10.968,14,113.4,Transport
Spansion Inc,California,SPSN,Nasdaq,0,526.1,2754.8,13/04/2005,6.811,12,506.4,Machinery
LINN Energy LLC,Texas,LINE,Nasdaq,-41.9,158.8,279.5,3/06/2005,9.563,21,246.75,Oil
Western Refining Inc,Texas,,New York,216.1,0,643.6,27/09/2005,7.161,17,382.5,Oil
Calumet Specialty Products Partners LP,Indiana,CLMT,Nasdaq,0,64.1,399.7,7/10/2005,8.612,21.5,137.5460995,Oil
Koppers Holdings Inc,Pennsylvania,KOP,New York,0,428.2,513.7,12/09/2005,2.339,14,140,Timber
SGX Pharmaceuticals Inc,California,SGXP,Nasdaq,-23.8,0,33.3,2/09/2005,15.333,6,24,Agriculture
HealthSpring Inc,Tennessee,HS,New York,66.9,0,591.8,11/10/2005,2.457,19.5,366.6,Health
Smart Modular Technologies (WWH)Inc,California,SMOD,Nasdaq,0,125,334.9,19/10/2005,8.1,9,163.636362,Machinery
Resource Capital Corp,New York,RSO,New York,54,1793.5,2045.5,11/07/2005,10.167,15,60,Finance
Crocs Inc,Colorado,CROX,Nasdaq,30.2,1.1,76.9,15/08/2005,7.712,21,207.9,Clothes
EXCO Resources Inc,Texas,XCO,New York,-91.9,569.6,2288.3,23/11/2005,5.531,13,650,Oil
Morton's Restaurant Group Inc,Illinois,MRT,New York,24.7,51.9,282.6,1/12/2005,8.719,17,160.905,Restaurant
NightHawk Radiology Holdings Inc,Idaho,NHWK,Nasdaq,-12.7,0,32,5/10/2005,8.709,16,100.8,Health
Morgans Hotel Group Co,New York,MHGC,Nasdaq,81.6,457.6,606.3,27/10/2005,8.028,20,360,Services
Alexza Pharmaceuticals Inc,California,ALXA,Nasdaq,-30,5.7,86.1,22/12/2005,11.348,8,44,Chemical
Eagle Test Systems Inc,Illinois,EGLT,Nasdaq,0,0.5,77.1,20/12/2005,8.886,15.5,100.75,Machinery
Clayton Holdings Inc,Connecticut,CLAY,Nasdaq,31.3,79.9,247.5,7/11/2005,10.451,17,127.5,Consulting
Visicu Inc,Maryland,EICU,Nasdaq,0,0,38.2,29/11/2005,8.63,16,96,IT
Castle Brands Inc,New York,ROX,American,-11.4,13.6,43.6,29/09/2005,14.54,9,31.5,Food
Sealy Corp,North Carolina,ZZ,New York,228.3,796.1,908.5,30/06/2005,7.47,16,448,Furniture
Complete Production Services Inc,Texas,CPX,New York,0,434.8,1059.7,30/09/2005,6.717,24,624,Oil
CPI International Inc,California,CPII,Nasdaq,0,246.8,445.8,23/12/2005,8.574,18,127.05966,Energy
Delek US Holdings Inc,Tennessee,DK,New York,0,211.4,621.8,8/02/2006,8.402,16,160,Oil
DynCorp International LLC,Virginia,DCP,New York,148.7,629.3,1227.6,28/09/2005,7.6,15,375,Consulting
BioMimetic Therapeutics Inc,Tennessee,BMTI,Nasdaq,0,0,47.7,10/02/2006,14.88,8,36.8,Health
Mueller Water Products Inc,Georgia,MWA,New York,0,0,2964.8,3/02/2006,6.435,16,400,Machinery
Town Sports International Holdings Inc,New York,CLUB,Nasdaq,87,275,419.3,6/07/2005,9.014,13,116.35,Services
Alphatec Holdings Inc,California,ATEC,Nasdaq,0,3.3,115.7,6/02/2006,14.646,9,83.7,Health
Luna Innovations Inc,Virginia,LUNA,Nasdaq,0,5.1,20.8,10/02/2006,14.143,6,21,Chemical
Verasun Energy Corp,South Dakota,VSE,New York,0,208.8,413.5,30/03/2006,7.506,23,419.75,Chemical
Houston Wire & Cable Co,Texas,HWCC,Nasdaq,0,0,87.9,24/03/2006,8.357,13,110.5,Energy
"Home BancShares Inc,Conway, Arkansas",Arkansas,HOMB,Nasdaq,0,171,1961.5,14/03/2006,8.773,18,45,Finance
PGT Inc,Florida,PGTI,Nasdaq,0,317.4,461.3,10/03/2006,7.69,14,123.529406,Metal
Aventine Renewable Energy Holdings Inc,Illinois,AVR,New York,0,160,238,30/03/2006,5.642,43,389.51335,Chemical
Ascent Solar Technologies Inc,Colorado,ASTI,Nasdaq,0,0,1.2,23/01/2006,15.243,5.5,16.5,Machinery
Cowen Group Inc,New York,COWN,Nasdaq,0,0,789.9,21/03/2006,10.266,16,179.478272,Finance
Cleveland Biolabs Inc,New York,CBLI,Nasdaq,0,0.1,2.4,17/02/2006,12.941,6,10.2,Agriculture
Evercore Partners Inc,New York,EVR,New York,0,0.1,83.9,12/05/2006,14.233,21,82.95,Finance
Home Diagnostics Inc,Florida,HDIX,Nasdaq,0,0,87.7,1/05/2006,8.757,12,79.193844,Health
Riverbed Technology Inc,California,RVBD,Nasdaq,0,0.3,44.7,20/04/2006,9.948,9.75,85.8,IT
CommVault Systems Inc,New Jersey,CVLT,Nasdaq,0,0,78.1,17/03/2006,8.349,14.5,161.1111095,IT
DivX Inc,California,DIVX,Nasdaq,0,0.2,43,5/05/2006,8.672,16,145.6,IT
Porter Bancorp Inc,Kentucky,PBIB,Nasdaq,0,82,1013.4,11/04/2006,9.285,24,37.2,Finance
EV Energy Partners LP,Texas,EVEP,Nasdaq,0,10.4,85.7,15/05/2006,9.064,20,78,Oil
ICF International Inc,Virginia,ICFI,Nasdaq,0,13.6,171.8,11/05/2006,10.926,12,56.04,Consulting
Bare Escentuals Inc,California,BARE,Nasdaq,103.3,690,119.8,30/06/2006,7.527,22,352,Chemical
Shutterfly Inc,California,SFLY,Nasdaq,0,1.9,54.6,29/06/2006,9.894,15,87,Chemical
BreitBurn Energy Partners LP,California,BBEP,Nasdaq,0,2,366.6,12/05/2006,9.742,18.5,111,Oil
Acme Packet Inc,Massachusetts,APKT,Nasdaq,0,0,55.3,2/06/2006,8.755,9.5,109.008016,IT
eHealth Inc,California,EHTH,Nasdaq,0,0,23,25/04/2006,12.109,14,70,Finance
First Mercury Financial Corp,Michigan,FMR,New York,0,46.4,443.1,30/05/2006,8.318,17,164.999994,Finance
Stanley Inc,Virginia,SXE,New York,0,37,197.4,12/05/2006,9.973,13,81.9,IT
Trubion Pharmaceuticals Inc,Washington,TRBN,Nasdaq,0,6.7,59,2/06/2006,10.679,13,52,Agriculture
LeMaitre Vascular Inc,Massachusetts,LMAT,Nasdaq,1.8,0,27.6,25/04/2006,14.273,7,38.5,Health
Douglas Emmett Inc,California,DEI,New York,0,2785.2,3062.2,16/06/2006,6.192,21,1386,Finance
Cadence Pharmaceuticals Inc,California,CADX,Nasdaq,0,4.7,45.1,17/07/2006,9.899,9,54,Chemical
Eagle Rock Energy Partners LP,Texas,EROC,Nasdaq,0,405.7,768.8,6/06/2006,7.631,19,237.5,Oil
Achillion Pharmaceuticals Inc,Connecticut,ACHN,Nasdaq,0,5.3,19.4,31/03/2006,10.193,11.5,51.75,Chemical
Southern National Bancorp of Virginia Inc,Virginia,SONA,Nasdaq,0,0,156.9,4/08/2006,4.7,14,25.004,Finance
Debt Resolve Inc,New York,DRV,American,-12.3,0,0.7,20/07/2006,14.8,5,12.5,IT
Innophos Holdings Inc,New Jersey,IPHS,Nasdaq,0,398.3,615.3,19/07/2006,9.875,12,104.347824,Chemical
ORBCOMM Inc,New Jersey,ORBC,Nasdaq,0,0.9,76.4,12/05/2006,10.447,11,101.5388,Communications
Catalyst Pharmaceutical Partners Inc,Florida,CPRX,Nasdaq,0,0,3.5,25/07/2006,11.975,6,20.1,Chemical
KBW Inc,New York,KBW,New York,0,0,726.1,11/08/2006,8.522,21,142.8,Finance
ACA Capital Holdings Inc,New York,ACAH,New York,0,2225.9,6049.3,9/05/2006,11.544,13,89.681033,Finance
Capella Education Co,Minnesota,CPLA,Nasdaq,0,0,108.9,18/04/2005,10.776,20,80,IT
Thermage Inc,California,THRM,Nasdaq,0,0,25,10/08/2006,12.343,7,42,Energy
Metabolix Inc,Massachusetts,MBLX,Nasdaq,0,0,21.4,14/07/2006,9.101,14,95.2,Agriculture
Emergent BioSolutions Inc,Maryland,EBS,New York,12.1,31.4,120,14/08/2006,12.52,12.5,62.5,Chemical
Constellation Energy Partners LLC,Maryland,CEP,New York,16.1,22,201.7,13/06/2006,9.319,21,94.5,Oil
Hansen Medical Inc,California,HNSN,Nasdaq,-21.4,3.3,21.5,16/08/2006,9.783,12,75,Health
Hertz Global Holdings Inc,New Jersey,HTZ,New York,0,9766.2,19465.4,14/07/2006,4.779,15,1323.525,Transport
First Solar Inc,Arizona,FSLR,Nasdaq,0,61,255.1,30/06/2006,7.159,20,400,Machinery
NYMEX Holdings Inc,New York,NMX,New York,441.6,80.3,2952.1,14/07/2006,7.597,59,383.5,Finance
Venoco Inc,Colorado,VQ,New York,152.9,529.6,889.2,19/12/2005,7.666,17,212.5,Oil
Spirit AeroSystems Holdings Inc,Kansas,SPR,New York,0,594.3,2335.4,30/06/2006,5.546,26,1432.166684,Machinery
Willdan Group Inc,California,WLDN,Nasdaq,0,0.4,37.8,9/08/2006,13.034,10,29,Engineering
Netlist Inc,California,NLST,Nasdaq,7.6,1.2,42,18/08/2006,10.6,7,43.75,Machinery
Allegiant Travel Co,Nevada,ALGT,Nasdaq,24,57.9,189.8,15/05/2006,8.353,18,90,Transport
Guidance Software Inc,California,GUID,Nasdaq,0,0.5,26.6,15/09/2006,12.293,11.5,57.5,IT
IPG Photonics Corp,Massachusetts,IPGP,Nasdaq,36.3,30.1,141.4,11/08/2006,8.405,16.5,148.5,Machinery
MEDecision Inc,Pennsylvania,MEDE,Nasdaq,3.2,2.6,32.5,11/08/2006,15.085,10,47,IT
Cal Dive International Inc,Texas,DVR,New York,0,181.7,405.4,31/05/2006,7.888,13,288.249,Oil
Carrols Restaurant Group Inc,New York,TAST,Nasdaq,74.5,356,483.7,22/09/2006,8.948,13,130,Restaurant
Universal Power Group Inc,Texas,UPG,American,3.3,5.9,32,12/09/2006,9.571,7,21,Machinery
Legacy Reserves LP,Texas,LGCY,Nasdaq,29.7,4,273.4,13/11/2006,8.373,19,114,Oil
Duncan Energy Partners LP,Texas,DEP,New York,75.8,169,804.1,2/11/2006,7.083,21,273,Oil
Employers Holdings Inc,Nevada,EIG,New York,0,0,3121.9,4/12/2006,7.666,17,454.75,Finance
HFF Inc,Pennsylvania,HF,New York,58.2,0,209.5,9/11/2006,8.25,18,257.4,Finance
Accuray Inc,California,ARAY,Nasdaq,0,0,143.7,13/11/2006,7.845,18,288,Health
Targa Resources Partners LP,Texas,NGLS,Nasdaq,84.5,294.5,1115.8,15/11/2006,6.736,21,352.8,Oil
US Auto Parts Networks Inc,California,PRTS,Nasdaq,12.5,0.1,68.2,2/11/2006,9.532,10,100,Machinery
VeriChip Corp,Florida,CHIP,Nasdaq,-3.4,11.3,50.9,29/12/2005,37.273,6.5,20.15,Machinery
Converted Organics Inc,Massachusetts,COIN,Nasdaq,-2.7,17.5,1.6,21/06/2006,19.626,5.5,9.9,Chemical
Opnext Inc,California,OPXT,Nasdaq,0,11.9,232.9,27/10/2006,8.783,15,253.640625,Machinery
Salary.com Inc,Massachusetts,SLRY,Nasdaq,-4.3,0,15.9,13/11/2006,13.247,10.5,59.85,IT
Clearwire Corp,Nevada,CLWR,Nasdaq,-164.4,649.3,2627.4,19/12/2006,6.833,25,600,IT
Sourcefire Inc,Maryland,FIRE,Nasdaq,0.5,0,121.7,25/10/2006,9.512,15,86.55,IT
FCStone Group Inc,Iowa,FCSX,Nasdaq,45.4,44.6,1529.3,12/10/2006,8.156,24,122.4,Consulting
Glu Mobile Inc,California,GLUU,Nasdaq,-7.2,0,147.3,19/12/2006,10.479,11.5,83.95,IT
Aruba Networks Inc,California,ARUN,Nasdaq,0,0,56.7,15/12/2006,9.322,11,88,IT
Ocean Power Technologies Inc,New Jersey,OPTT,Nasdaq,-6.8,0.2,30.9,13/11/2006,9.9,20,100,Energy
Pharmasset Inc,New Jersey,VRUS,Nasdaq,0,0.1,38,8/05/2006,13.122,9,45,Chemical
Interactive Brokers Group Inc,Connecticut,IBKR,Nasdaq,0,304.7,32248.7,27/11/2006,2.327,30.01,1200.4,Finance
Tomotherapy Inc,Wisconsin,TOMO,Nasdaq,0,0,121.7,12/02/2007,7.702,19,223.12498,Energy
Solera Holdings Inc,Texas,,New York,0,599.1,1254.9,12/02/2007,7.987,16,420,IT
Skilled Healthcare Group Inc,California,SKH,New York,0,405.6,879.9,10/10/2006,7.921,15.5,258.333323,Health
TechTarget Inc,Massachusetts,TTGT,Nasdaq,0,4.5,92.1,7/02/2007,9.172,13,100.1,Consulting
EnerNOC Inc,Massachusetts,ENOC,Nasdaq,0,4.9,43.6,12/02/2007,10.344,26,97.5,Machinery
Sirtris Pharmaceuticals Inc,Massachusetts,SIRT,Nasdaq,0,8,83.5,1/03/2007,9.609,10,60,Chemical
Clean Energy Fuels Corp,California,CLNE,Nasdaq,0,0.2,139.8,6/09/2006,9.333,12,120,Oil
Response Genetics Inc,California,RGDX,Nasdaq,-1.5,0,8.3,20/12/2006,15.143,7,21,Health
FBR Capital Markets Corp,Virginia,FBCM,Nasdaq,0,0,608.7,10/04/2007,7.906,17,204.595,Finance
Limelight Networks Inc,Arizona,LLNW,Nasdaq,0,0,79.1,22/03/2007,7.87,15,240,Consulting
BioFuel Energy Corp,Colorado,BIOF,Nasdaq,0,55,141.9,8/12/2006,12.206,10.5,55.125,Chemical
Blackstone Group LP,New York,BX,New York,0,86.5,39365.5,22/03/2007,5.304,31,4133.333354,Finance
Pros Holdings Inc,Texas,PRO,New York,0,19.8,25.7,4/04/2007,9.316,11,75.075,IT
Bridgeline Software Inc,Massachusetts,BLSW,Nasdaq,0,0.1,9.4,13/12/2006,14.571,5,15,IT
Dice Holdings Inc,New York,DHX,New York,42.6,124,301.5,4/04/2007,8.132,13,217.1,Consulting
Encore Bancshares Inc,Texas,EBTX,Nasdaq,0,187,1287.2,8/05/2007,9.453,21,41.574981,Finance
Limco-Piedmont Inc,Oklahoma,LIMC,Nasdaq,0,0,40.4,16/04/2007,9.686,11,48.4,Transport
Netezza Corp,Massachusetts,NZ,New York,-4.6,0,69.2,22/03/2007,8.812,12,108,Energy
Airvana Inc,Massachusetts,AIRV,Nasdaq,0,0,283.5,19/04/2007,12.164,7,58.1,IT
Monotype Imaging Holdings Inc,Massachusetts,TYPE,Nasdaq,0,120.7,272.3,26/01/2007,10.11,12,132,IT
Rex Energy Corp,Pennsylvania,REXX,Nasdaq,0,18.2,144.3,27/04/2007,8.178,11,105.6,Oil
ImaRx Therapeutics Inc,Arizona,IMRX,Nasdaq,0,0,31.6,4/05/2007,15.667,5,15,Chemical
Dolan Media Co,Minnesota,DM,New York,0,48.1,213.3,26/04/2007,8.337,14.5,195.119569,Media
Concho Resources Inc,Texas,CXO,New York,0,343.9,1401.5,24/04/2007,8.097,11.5,240.2017305,Oil
Virtusa Corp,Massachusetts,VRTU,Nasdaq,0,0,102.1,6/04/2007,13.818,14,61.6,IT
Masimo Corp,California,MASI,Nasdaq,80.4,22.2,170.3,17/04/2007,8.502,17,202.582642,Energy
VMware Inc,California,,New York,0,450,1390.4,26/04/2007,6.136,29,957,IT
Duff & Phelps Corp,New York,,New York,24.1,77.1,273.5,23/05/2007,10.798,16,132.8,Finance
Compellent Technologies Inc,Minnesota,CML,NYSE Arca,0,0,27.6,2/07/2007,9.147,13.5,81,IT
DuPont Fabros Technology Inc,District of Columbia,DFT,New York,0,296.7,814.8,9/08/2007,7.2,21,640.5,Finance
CVR Energy Inc,Texas,CVI,New York,0,484.3,1848.6,26/09/2006,8.815,19,380,Oil
Vanguard Natural Resources LLC,Texas,VNR,NYSE Arca,42.6,37.4,138.7,25/04/2007,9.133,19,99.75,Oil
Pzena Investment Management Inc,New York,PZN,New York,0,60,99.7,11/06/2007,10.461,18,109.8,Finance
Ulta Salon Cosmetics & Fragrance Inc,Illinois,ULTA,Nasdaq,74.7,55,393.5,6/07/2007,9.342,18,153.713664,Retail
Deltek Inc,Virginia,PROJ,Nasdaq,0,192.8,147.9,8/05/2007,11.131,18,162,IT
SandRidge Energy Inc,Oklahoma,SD,New York,0,1052.3,3170.5,22/06/2007,6.341,26,637.78,Oil
ICx Technologies Inc,Virginia,ICXT,Nasdaq,-89.6,0.2,171.1,3/08/2007,8.625,16,80,Machinery
ARYx Therapeutics Inc,California,ARYX,Nasdaq,-21.5,3.4,35.4,30/08/2007,11,10,50,Chemical
The Ensign Group Inc,California,ENSG,Nasdaq,0,60.6,196,14/05/2007,10.614,16,64,Health
Lumber Liquidators Inc,Virginia,LL,New York,0,0,101.1,23/04/2007,9.273,11,110,Timber
Quest Energy Partners LP,Oklahoma,QELP,Nasdaq,0,94,368.1,19/07/2007,7.416,18,163.8,Oil
Och-Ziff Capital Management Group LLC,New York,OZM,New York,3232.5,748.1,2316.7,2/07/2007,7.271,32,1152,Finance
El Paso Pipeline Partners LP,Texas,EPB,New York,85,463,799,31/08/2007,6.522,20,500,Oil
SuccessFactors Inc,California,SFSF,Nasdaq,0,0.1,57,20/07/2007,9.568,10,107.9,IT
Cardtronics Inc,Texas,CATM,Nasdaq,53.2,308.7,562.5,7/09/2007,8.25,10,120,Consulting
K12 Inc,Virginia,LRN,NYSE Arca,0,8.2,100.2,26/07/2007,9.415,18,108,Services
MEMSIC Inc,Massachusetts,MEMS,Nasdaq,0,0,33.4,28/09/2007,12.6,10,60,Machinery
Orion Energy Systems Inc,Wisconsin,OESX,Nasdaq,3.3,4.5,33.8,20/08/2007,10.478,13,100.000004,Machinery
IPC The Hospitalist Co Inc,California,IPCM,Nasdaq,6.4,7.9,94.4,31/08/2007,10.537,16,83.2,Health
MAKO Surgical Corp,Florida,MAKO,Nasdaq,-19,0,29.2,19/09/2007,12.392,10,51,Health
Heritage-Crystal Clean Inc,Illinois,HCCI,Nasdaq,11.3,0.8,48,19/06/2007,18.812,11.5,22.011,Oil
CardioNet Inc,Pennsylvania,BEAT,Nasdaq,6.4,1.4,150.1,17/08/2007,10.866,18,81,Health
Visa Inc,California,V,New York,0,40,27742,9/11/2007,3.032,44,17864,Finance
American Water Works Co Inc,New Jersey,AWK,New York,0,4696.3,12268,27/08/2007,3.206,21.5,1247,Transport
Colfax Corp,Maryland,CFX,New York,0,94.4,875.5,4/01/2008,8.167,18,337.5,Machinery
Energy Recovery Inc,California,ERII,Nasdaq,0,0.5,33.8,1/04/2008,9.457,8.5,119,Machinery
Rackspace Hosting Inc,Texas,RAX,New York,0,254.8,408.3,25/04/2008,8.721,12.5,187.5,IT
SolarWinds Inc,Texas,SWI,New York,0,44.1,89.1,21/03/2008,9.239,12.5,151.4534875,IT
OpenTable Inc,California,OPEN,Nasdaq,6.1,0,51.5,30/01/2009,11.348,20,60,Consulting
Select Medical Holdings Corp,Pennsylvania,SEM,New York,315.4,1521.4,2532.7,25/07/2008,6.982,10,300,Health
Talecris Biotherapeutics Holdings Corp,North Carolina,TLCR,Nasdaq,0,605.3,1373.6,27/07/2007,5.97,19,950,Chemical
Mistras Group Inc,New Jersey,MG,New York,0,18.9,171.1,10/06/2008,9.962,12.5,108.75,Engineering
Cellu Tissue Holdings Inc,Georgia,CLU,New York,0,242.5,502.1,16/10/2009,9.412,13,107.9,Chemical
Symetra Financial Corp,Washington,SYA,New York,227.3,448.9,22246.3,5/10/2009,6.513,12,364.8,Finance
Ironwood Pharmaceuticals Inc,Massachusetts,IRWD,Nasdaq,-67.9,1.6,162.5,20/11/2009,8.159,11.25,187.5000038,Chemical
Primerica Inc,Georgia,PRI,New York,0,0,9973.5,5/11/2009,10.116,15,320.4,Finance
Chatham Lodging Trust,Florida,CLDT,New York,3.5,0,151.2,4/11/2009,8.159,20,150,Finance
Douglas Dynamics Inc,Wisconsin,PLOW,New York,40.8,120.9,398.5,29/01/2010,9.842,11.25,112.5,Machinery
CBOE Holdings Inc,Illinois,CBOE,Nasdaq,0,0,632.5,11/03/2010,7.109,29,339.3,Finance
Oasis Petroleum Inc,Texas,OAS,New York,2.4,0,622.6,4/03/2010,6.592,14,588,Oil
Motricity Inc,Washington,MOTR,Nasdaq,-1,0,174.2,22/01/2010,20.203,10,60,Consulting
Tesla Motors Inc,California,TSLA,Nasdaq,-60,46.1,145.3,29/01/2010,8.231,17,226.1,Machinery
Envestnet Inc,Illinois,ENV,New York,2.4,0.2,83.4,26/03/2010,10.066,9,63,Consulting
RealPage Inc,Texas,RP,Nasdaq,0,34.5,142.1,29/04/2010,8.021,11,135.3,IT
SciQuest Inc,North Carolina,SQI,Nasdaq,3.8,0,38.7,26/03/2010,10.814,9.5,57,IT
The KEYW Holding Corp,Maryland,KEYW,Nasdaq,0,0,138.5,17/06/2010,1.284,10,91,Engineering
Campus Crest Communities Inc,North Carolina,CCG,New York,0,103.3,327.5,14/05/2010,7.865,12.5,354.1666625,Finance
Fresh Market Inc,North Carolina,TFM,Nasdaq,96.3,82.5,249.1,3/05/2010,1.602,22,289.85,Retail
LPL Investment Holdings Inc,Massachusetts,LPLA,Nasdaq,309.4,1162.7,3364.9,4/06/2010,6.044,30,469.72446,Finance
FXCM Inc,New York,FXCM,New York,0,0,591.7,3/09/2010,3.18,14,210.84,Finance
FleetCor Technologies Inc,Georgia,FLT,New York,175.6,313.8,1209.5,15/04/2010,7.339,23,291.525,Consulting
BankUnited Inc,Florida,BKU,New York,375.5,2250.5,10869.6,13/08/2010,5.555,27,783,Finance
Summit Hotel Properties Inc,Texas,INN,New York,32.9,0,493,9/08/2010,9.382,9.75,253.5,Finance
Kinder Morgan Inc,Texas,KMI,New York,1977,13866.8,28908.1,19/07/2010,3.577,30,2863.998,Oil
CVR Partners LP,Texas,UAN,New York,50,125,479.5,20/12/2010,6.936,16,307.2,Chemical
Zipcar Inc,Massachusetts,ZIP,Nasdaq,8,55.7,248.9,10/06/2009,7.983,18,174.313962,Transport
Air Lease Corp,California,AL,New York,0,1348.5,2781.5,14/01/2011,5.933,26.5,802.50003,Machinery
LinkedIn Corp,California,LNKD,New York,41.6,0,265.3,6/01/2011,7.937,45,352.8,IT
Bankrate Inc,Florida,RATE,New York,38.7,0,260.3,15/04/2011,20.148,15,300,Consulting
Vanguard Health Systems Inc,Tennessee,VHS,New York,0,2325.8,4114.1,15/04/2011,6.793,18,450,Health
HomeAway Inc,Texas,AWAY,Nasdaq,31.4,0,518,9/02/2011,8.409,27,216,IT
Zillow Inc,Washington,Z,Nasdaq,0,0,33.9,16/03/2011,11.082,20,69.24,IT
Francesca's Holdings Corp,Texas,FRAN,Nasdaq,0,41,66.7,24/06/2010,8.422,17,170,Retail
Dunkin Brands Group Inc,Massachusetts,DNKN,Nasdaq,136.6,1477.3,3124.3,1/04/2011,7.584,19,422.75,Restaurant
The Chefs Warehouse Inc,Connecticut,CHEF,Nasdaq,27.7,39.3,93.8,12/04/2011,8.259,15,135,Retail
Groupon Inc,Illinois,GRPN,Nasdaq,0,0,790.2,30/12/2010,6.708,20,700,IT
Rentech Nitrogen Partners LP,California,RNF,New York,28.8,0,223,5/08/2011,8.333,20,300,Chemical
Digital Domain Media Group Inc,Florida,DDMG,New York,0,37.1,178.9,16/05/2011,16.684,8.5,41.82,Media
Jive Software Inc,California,JIVE,Nasdaq,-41.9,10.2,143.9,19/05/2010,8.422,12,161.2752,IT
Caesars Entertainment Corp,Nevada,CZR,Nasdaq,1642.6,19791.3,28515.6,15/11/2011,17.684,9,16.301817,Services
EPAM Systems Inc,Pennsylvania,EPAM,New York,60.4,0,233.7,10/06/2011,11.589,12,72,IT
FX Alliance Inc,New York,FX,New York,52.5,0,201.2,19/09/2011,9.413,12,62.4,Finance
CUI Global Inc,Oregon,CUGI,Nasdaq,1.6,7.3,32,31/10/2011,19,4.5,9.999999,Energy
Bazaarvoice Inc,Texas,,Nasdaq,0,0,46.8,26/08/2011,9.656,12,113.811552,IT
ExactTarget Inc,Indiana,ET,New York,-8,0,193.3,12/09/2011,8.796,19,161.5,IT
Vantiv Inc,Ohio,VNTV,New York,373.3,1213.4,3485.4,12/07/2011,6.384,17,500.004,Consulting
CafePress Inc,California,PRSS,Nasdaq,13.7,2.6,86.9,10/06/2011,10.275,19,85.5,Retail
Millennial Media Inc,Maryland,MM,New York,0,0,61.9,28/07/2010,75.433,13,132.6,IT
Rexnord Corp,Wisconsin,RXN,New York,0,2413.4,3207.4,26/05/2011,5.568,18,426.315798,Machinery
Forum Energy Technologies Inc,Texas,FET,New York,0,349.9,1667.2,31/08/2011,6.847,20,378.94732,Oil
MRC Global Inc,Texas,MRC,New York,321,1355.1,3478.5,12/01/2012,6.541,21,477.272733,Machinery
Oaktree Capital Group LLC,California,OAK,New York,257.9,830.4,45425,17/06/2011,19.599,43,380.249989,Finance
Digital Cinema Destinations Corp,New Jersey,DCIN,Nasdaq,0,0,4.7,20/12/2011,13.083,6.1,13.42,Media
Splunk Inc,California,,Nasdaq,0,0,82.2,12/01/2012,7.881,17,229.5,IT
Midstates Petroleum Co Inc,Texas,MPO,New York,0,151.7,688.6,14/11/2011,6.444,13,312,Oil
Proofpoint Inc,California,PFPT,Nasdaq,0,3.1,64.7,5/05/2011,8.4,13,82.282473,IT
EverBank Financial Corp,Florida,EVER,New York,0,2607.4,13631.6,8/10/2010,10.096,10,192.2,Finance
WageWorks Inc,California,WAGE,New York,28.3,0,369.1,25/04/2011,14.114,9,58.5,Consulting
Ignite Restaurant Group Inc,Texas,IRG,Nasdaq,38.5,74.5,192.4,29/07/2011,8.917,14,80.769234,Restaurant
Facebook Inc,California,FB,Nasdaq,0,394,6859,30/07/2010,1.146,38,16006.87737,IT
Chuy's Holdings Inc,Texas,CHUY,Nasdaq,16.7,4.2,120.9,5/08/2011,9.424,13,75.833329,Restaurant
Del Frisco's Restaurant Group LLC,Texas,DFRG,Nasdaq,35.8,0,236.8,24/01/2012,11.319,13,75.4,Restaurant
Eloqua Inc,Virginia,ELOQ,Nasdaq,0,0,34,24/08/2011,8.828,11.5,92,IT
Hi-Crush Partners LP,Texas,HCLP,New York,33.3,0.9,142.9,6/07/2012,7.018,17,191.25,Mining
Capital Bank Financial Corp,North Carolina,CBF,Nasdaq,45.8,140.8,6163.2,23/06/2011,8.643,18,180,Finance
Spirit Realty Capital Inc,Arizona,SRC,New York,226.3,1904.9,3224.7,10/11/2011,8.086,15,435,Finance
Qualys Inc,California,QLYS,Nasdaq,6,1.1,74,8/06/2012,8.957,12,90.9,IT
Berry Plastics Group Inc,Indiana,,New York,683,3932,5108,23/03/2012,6.559,16,470.588224,Chemical
Lehigh Gas Partners LP,Pennsylvania,LGP,New York,44.5,257.5,300.7,11/05/2012,10,20,120,Oil
Xplore Technologies Corp,Texas,XPLR,Nasdaq,3.4,0,11.6,26/07/2012,19.948,5,10,Energy
Ruckus Wireless Inc,California,RKUS,New York,20.6,0,123.1,1/05/2012,9.579,15,126,IT
Northwest Biotherapeutics Inc,Maryland,NWBO,Nasdaq,-37.5,1.9,0.4,29/06/2012,12,4,12,Chemical
United Insurance Holdings Corp,Florida,UIHC,Nasdaq,20.7,14.7,336.9,23/10/2012,6.139,5.15,27.29538625,Finance
Zoetis Inc,New Jersey,ZTS,New York,941,3640,6046,20/02/2012,3.651,26,2238.6,Chemical
Boise Cascade Co,Idaho,BBC,New York,100.8,250,836.4,15/11/2012,6.574,21,247.058826,Timber
ConnectOne Bancorp Inc,New Jersey,CNOB,Nasdaq,17,77.6,925.6,11/01/2013,6.332,28,44.8,Finance
TherapeuticsMD Inc,Florida,TXMD,NYSE MKT,-33.2,0,5.8,7/03/2013,8.252,1.7,50.0000005,Chemical
West Corp,Nebraska,WSTC,Nasdaq,655.1,3587.4,3448.2,2/10/2009,6.573,20,425.5,Consulting
Pinnacle Foods Inc,New Jersey,PF,New York,381.6,2585.8,4400,27/02/2012,5.817,20,580,Food
"Independent Bank Group Inc, McKinney,Texas",Texas,IBTX,Nasdaq,29,199.2,1764.1,27/02/2013,7.929,26,83.2,Finance
ING US Inc,New York,VOYA,New York,0,3265.7,220850,15/11/2010,4.048,19.5,1271.249987,Finance
Cyan Inc,California,CYNI,New York,-19.7,4.2,63.1,20/11/2012,9.937,11,88,IT
BioAmber Inc,Minnesota,BIOA,New York,0,0.3,49.3,10/11/2011,10.125,10,80,Chemical
Customers Bancorp Inc,Pennsylvania,CUUU,Nasdaq,45.4,507,3458.6,9/05/2013,4.903,16.75,89.9999945,Finance
Marketo Inc,California,MKTO,Nasdaq,0,5.3,75.9,25/01/2013,10.061,13,78.773617,IT
Tableau Software Inc,Washington,DATA,New York,0,0,89.4,22/04/2012,7.883,31,254.2,IT
ChannelAdvisor Corp,North Carolina,ECOM,New York,-2,9.7,48.7,28/09/2012,10.3,14,80.5,IT
Global Brass & Copper Holdings Inc,Illinois,BRSS,New York,73.4,431,575.3,28/10/2011,11.299,11,77,Metal
RCS Capital Corp,New York,RCAP,New York,36.4,0,61.6,22/02/2013,11,20,50,Finance
Textura Corp,Illinois,TXTR,New York,-12.5,10.7,64.5,18/03/2013,8.754,15,75,IT
Gigamon Inc,California,GIMO,New York,0,0,49.5,13/07/2012,8.745,19,128.25,IT
PTC Therapeutics Inc,New Jersey,,Nasdaq,-24.7,0,59.9,16/05/2013,7.905,15,125.58,Chemical
Truett-Hurst Inc,California,THST,Nasdaq,0,3.5,21.2,11/03/2013,13.63,6,16.2,Food
Gogo Inc,Illinois,GOGO,Nasdaq,17.6,239,419.2,23/12/2011,11.186,17,187,Communications
Tremor Video Inc,New York,TRMR,New York,-6.9,0.9,120.5,23/05/2013,10.755,10,75,Media
UCP Inc,California,UCP,New York,0,44.9,153.7,4/04/2013,9.14,15,116.25,Services
Physicians Realty Trust,Wisconsin,DOC,New York,6.1,66.3,106.3,24/05/2013,7.565,11.5,119.999993,Finance
Agios Pharmaceuticals Inc,Massachusetts,AGIO,Nasdaq,-25.8,0,108.5,10/06/2013,7.974,18,105.999984,Chemical
Cellular Dynamics International Inc,Wisconsin,ICEL,Nasdaq,0,11.8,52.6,3/06/2013,11.661,12,46.152,Chemical
WCI Communities Inc,Florida,WCIC,New York,37.2,200,367.4,26/04/2013,10.689,15,102.286365,Services
Athlon Energy Inc,Texas,ATHL,New York,145.4,500,1024.2,30/04/2013,6.166,20,315.78948,Oil
Intrexon Corp,Maryland,XON,New York,-93.2,2.3,283.5,9/07/2013,7.609,16,159.999984,Agriculture
Axogen Inc,Florida,AXGN,Nasdaq,-8.5,24.3,15.7,14/05/2013,9.81,3,18,Agriculture
Cvent Inc,Virginia,CVT,New York,0,0,90.4,6/11/2012,8.712,21,117.6,IT
QEP Midstream Partners LP,Colorado,QEPM,New York,106.4,0,706.1,7/01/2013,5.839,21,420,Oil
Envision Healthcare Holdings Inc,Colorado,EVHC,New York,408.6,2225.4,4040.2,13/06/2013,5.251,23,966,Health
Regado Biosciences Inc,New Jersey,RGDO,Nasdaq,-13.1,3.9,25.8,29/04/2013,11.267,4,43,Chemical
Benefitfocus Inc,South Carolina,BNFT,Nasdaq,-11.9,15.3,54.8,20/03/2013,8.296,26.5,130.7775,IT
Rocket Fuel Inc,California,FUEL,Nasdaq,-14.2,10.6,99.8,13/02/2013,9.731,29,116,Media
Applied Optoelectronics Inc,Texas,AAOI,Nasdaq,2.7,14.6,72,13/08/2013,12.609,10,36,Machinery
Covisint Corp,Michigan,COVS,Nasdaq,0,0,96,10/06/2012,10.125,10,64,IT
Violin Memory Inc,California,VMEM,New York,-110.3,0,112.9,22/02/2012,9.438,9,162,IT
QTS Realty Trust Inc,Kansas,QTS,New York,63.7,344.8,781.9,16/08/2013,7.328,21,257.25,Finance
Antero Resources Corp,Colorado,AR,New York,741.9,2079,5672.2,6/05/2013,4.19,44,1571.9,Oil
MacroGenics Inc,Maryland,MGNX,Nasdaq,0,8,42,4/09/2013,8.043,16,80,Chemical
InterCloud Systems Inc,New Jersey,ICLD,Nasdaq,3.8,15.2,58.5,5/12/2012,44.348,4,5,Consulting
Twitter Inc,California,TWTR,New York,0,110.5,992.8,3/03/2011,2.26,26,1820,IT
Chegg Inc,California,CHGG,New York,0,0,229.3,12/06/2013,9.027,12.5,187.5,IT
Ideal Power Inc,Texas,IPWR,Nasdaq,-3.9,0,2.8,6/08/2013,11.887,5,15,Energy
Fidelity & Guaranty Life,Maryland,FGL,New York,707.3,300,22202.8,29/08/2013,8.781,17,165.75,Finance
Retrophin Inc,California,RTRX,Nasdaq,-33.5,0,20.5,18/12/2013,8.571,8.5,39.999997,Chemical
EP Energy Corp,Texas,EPE,New York,1038,4020,8366,24/06/2013,5.636,20,704,Oil
Santander Consumer USA Holdings Inc,Texas,SC,New York,1703.9,25357.3,26204.9,22/11/2012,3.816,24,1799.79528,Finance
SMTP Inc,Massachusetts,SMTP,Nasdaq,2,0,2.4,26/12/2013,6.959,6.25,10,Media
Everyday Health Inc,New York,EVDY,New York,12,70.8,192.3,24/02/2014,9.573,14,100.1,Consulting
CBS Outdoor Americas Inc,New York,CBSO,New York,433.4,1598,3355.5,27/06/2013,4.869,28,560,Media
The Rubicon Project Inc,California,RUBI,New York,0,0,127.7,30/01/2013,8.979,15,101.564925,IT
GrubHub Inc,Illinois,GRUB,New York,40.5,0,795.7,9/11/2012,7.912,26,192.545964,IT
La Quinta Holdings Inc,Texas,LQ,New York,339.5,1988.7,3172,10/02/2014,6.245,17,650.25,Services
Ally Financial Inc,Michigan,ALLY,New York,5396,60915,146534,3/08/2010,1.027,25,2375,Finance
Sysorex Global Holdings Corp,California,SYRX,Nasdaq,-2.2,0.2,42.3,9/10/2013,8,6,19.999998,IT
Paycom Software Inc,Oklahoma,PAYC,New York,14.6,26.5,532.2,10/03/2014,10.942,15,99.675,IT
Moelis & Co,New York,MC,New York,0,0,349.1,22/10/2013,13.421,25,162.5,Finance
WL Ross Holding Corp,New York,WLRHU,Nasdaq,0,0,0.2,9/05/2014,4.578,10,435,Finance
SAGE Therapeutics Inc,Massachusetts,SAGE,Nasdaq,-22.2,0,51.7,17/06/2014,8.251,18,90,Chemical
Intersect ENT Inc,California,XENT,Nasdaq,0,0,14.5,23/06/2014,10.83,11,55,Health
Spark Energy Inc,Texas,SPKE,Nasdaq,39.3,0,86.5,29/05/2014,13.481,18,54,Energy
HealthEquity Inc,Utah,HQY,Nasdaq,11.8,0,55.9,10/06/2014,8.928,14,127.4,Finance
FCB Financial Holdings Inc,Florida,,New York,43.5,1159.1,5606.3,20/06/2014,8.535,22,165.44,Finance
T2 Biosystems Inc,Massachusetts,TTOO,Nasdaq,-24.3,10.7,20.1,2/07/2014,9.918,11,57.2,Health
Ryerson Holding Corp,Illinois,RYI,New York,0,1198.1,1907.9,22/01/2010,8.479,11,121,Metal
Sajan Inc,Wisconsin,SAJA,Nasdaq,0.7,0.8,9.6,8/05/2014,22.429,5,3.5,Consulting
Tokai Pharmaceuticals Inc,Massachusetts,TKAI,Nasdaq,-19.6,0,23.4,11/08/2014,9.054,15,97.2,Chemical
GWG Holdings Inc,Minnesota,GWGH,Nasdaq,0,274,296.6,25/04/2014,12.75,12.5,10,Finance
Citizens Financial Group Inc,Rhode Island,CFG,New York,1355,2062,130279,23/02/2013,2.009,21.5,3010,Finance
Medley Management Inc,New York,MDLY,New York,66,102.9,626.4,18/08/2014,10.058,18,108,Finance
Calithera Biosciences Inc,California,CALA,Nasdaq,-18.6,0,39.6,25/08/2014,10.375,10,80,Chemical
Proteon Therapeutics Inc,Massachusetts,PRTO,Nasdaq,-8.2,0,27.1,16/09/2014,10.71,10,61.1,Agriculture
Sientra Inc,California,SIEN,Nasdaq,-3.7,21.7,62.3,19/09/2014,9.565,15,75,Health
Upland Software Inc,Texas,UPLD,Nasdaq,-11.7,12.4,95,4/09/2014,14.183,12,46.153848,IT
Coherus Biosciences Inc,California,CHRS,Nasdaq,-65,0,129.2,25/09/2014,10.724,13.5,85.00005,Agriculture
The Joint Corp,Arizona,JYNT,Nasdaq,-0.5,0,8.5,19/09/2014,9.366,6.5,19.5,Finance
FibroGen Inc,California,FGEN,Nasdaq,-20.4,113.3,344.4,30/09/2014,8.358,18,145.8,Chemical
Neff Corp,Florida,NEFF,New York,131.7,721.9,606.7,3/09/2014,7.045,15,157.14285,Machinery
Peak Resorts Inc,Missouri,SKIS,Nasdaq,26.1,100.1,216.5,20/10/2014,8.525,9,90,Services
LendingClub Corp,California,LC,New York,303.2,2813.6,2814.8,13/12/2012,5.608,15,870,Finance
Connecture Inc,Wisconsin,CNXR,Nasdaq,-3.9,48.6,87.5,20/10/2014,14.564,8,53.08,IT
PlasmaTech Biopharmaceuticals Inc,Texas,ACCP,Nasdaq,0,0,0.3,2/07/2014,10.279,4,14,Chemical
Avinger Inc,California,AVGR,Nasdaq,-24.5,25.8,24.8,30/12/2014,12.492,13,65,Health
GoDaddy Inc,Arizona,GDDY,New York,107.9,1044.3,3329.4,14/03/2014,8.077,20,460,IT
Virtu Financial Inc,New York,VIRT,Nasdaq,336.2,1369.5,4099.5,18/12/2013,9.815,19,314.113168,Finance
Jaguar Animal Health Inc,California,JAGX,Nasdaq,0,0,6.2,27/08/2014,23.484,7,20.02,Chemical
Univar Inc,Illinois,UNVR,New York,474.8,3006.2,5905.1,1/04/2014,5.895,22,770,Chemical
Lantheus Holdings Inc,Massachusetts,LNTH,Nasdaq,64.2,350.9,250.3,24/06/2014,12.577,6,65.000004,Energy
Xactly Corp,California,XTLY,New York,0,21.5,54.5,19/05/2015,12.046,8,56.3,IT
Performance Food Group Co,Virginia,PFGC,New York,302.9,1245.4,3404.7,9/09/2014,6.582,19,275.5,Retail
TPI Composites Inc,Arizona,TPIC,Nasdaq,57.4,83.8,352.6,17/06/2016,4.87,11,68.75,Machinery
J Jill Inc,New Hampshire,JILL,New York,96.3,264.2,567.6,8/04/2016,10.261,13,151.666671,Retail
Catasys Inc,California,CATS,Nasdaq,-27.4,0,2.9,10/02/2017,10.667,4.8,15,Health
Bluegreen Vacations Corp,Florida,BXG,New York,197.2,571.8,1172.3,23/10/2017,7.446,14,90.981072,Finance
Saul Centers Inc,Maryland,BFS,New York,153.6,941.2,1422.5,16/01/2018,3.817,25,75,Finance
Mesa Air Group Inc,Arizona,MESA,Nasdaq,0,760.2,1389.6,15/06/2018,8.683,12,115.56,Transport
Informatica LLC,California,,New York,462.3,1837.4,4770.6,1/10/2021,5.817,29,841,IT
Kilroy Realty Corp,California,KRC,New York,27.9,270.4,128.3,5/11/1996,7.591,23,287.5,Finance
Midwest Banc Holdings Inc,Illinois,MBHI,Nasdaq,18.4,67.2,906.8,19/12/1997,9.108,15,16.5,Finance
GoDaddy Inc,Arizona,GDDY,New York,107.9,1044.3,3329.4,14/03/2014,8.077,20,460,IT
Virtu Financial Inc,New York,VIRT,Nasdaq,336.2,1369.5,4099.5,18/12/2013,9.815,19,314.113168,Finance
Jaguar Animal Health Inc,California,JAGX,Nasdaq,0,0,6.2,27/08/2014,23.484,7,20.02,Chemical
Moelis & Co,New York,MC,New York,0,0,349.1,22/10/2013,13.421,25,162.5,Finance
WL Ross Holding Corp,New York,WLRHU,Nasdaq,0,0,0.2,9/05/2014,4.578,10,435,Finance
SAGE Therapeutics Inc,Massachusetts,SAGE,Nasdaq,-22.2,0,51.7,17/06/2014,8.251,18,90,Chemical
